{"cameraMode":{"drawMode":0,"name":"Shaded","section":"Shading Mode"},"sceneLighting":true,"audioPlay":false,"sceneViewState":{"showFog":true,"showMaterialUpdate":false,"showSkybox":true,"showFlares":true,"showImageEffects":true,"showParticleSystems":true},"in2DMode":false,"pivot":{"x":0.9407305717468262,"y":3.9053782074915946e-7,"z":-0.08376198261976242},"rotation":{"x":-0.5074551701545715,"y":-0.038235146552324298,"z":0.02254694513976574,"w":-0.8605341911315918},"size":22.0,"orthographic":false}